"first_name","last_name","team","team_abbr","position","number","height"
"Alex","Abrines","Thunder","OKC","Guard","8",78
"Jaylen","Adams","Hawks","ATL","Guard","10",74
"Steven","Adams","Thunder","OKC","Center","12",84
"Bam","Adebayo","Heat","MIA","Center-Forward","13",82
"DeVaughn","Akoon-Purcell","Nuggets","DEN","Guard-Forward","23",78
"LaMarcus","Aldridge","Spurs","SAS","Forward","12",83
"Rawle","Alkins","Bulls","CHI","Guard","20",77
"Grayson","Allen","Jazz","UTA","Guard","24",77
"Jarrett","Allen","Nets","BKN","Center","31",83
"Al-Farouq","Aminu","Blazers","POR","Forward","8",81
"Justin","Anderson","Hawks","ATL","Guard-Forward","1",78
"Kyle","Anderson","Grizzlies","MEM","Forward","1",81
"Ryan","Anderson","Suns","PHX","Forward","15",82
"Ike","Anigbogu","Pacers","IND","Center","13",82
"Giannis","Antetokounmpo","Bucks","MIL","Forward","34",83
"Kostas","Antetokounmpo","Mavericks","DAL","Forward","37",82
"Carmelo","Anthony","Rockets","HOU","Forward","7",80
"OG","Anunoby","Raptors","TOR","Forward","3",80
"Ryan","Arcidiacono","Bulls","CHI","Guard","51",75
"Trevor","Ariza","Suns","PHX","Forward","3",80
"D.J.","Augustin","Magic","ORL","Guard","14",72
"Deandre","Ayton","Suns","PHX","Center","22",85
"Dwayne","Bacon","Hornets","CHA","Guard-Forward","7",79
"Marvin","Bagley III","Kings","SAC","Forward","35",83
"Ron","Baker","Knicks","NYK","Guard","31",76
"Wade","Baldwin IV","Blazers","POR","Guard","2",76
"Lonzo","Ball","Lakers","LAL","Guard","2",78
"Mo","Bamba","Magic","ORL","Center","5",84
"J.J.","Barea","Mavericks","DAL","Guard","5",72
"Harrison","Barnes","Mavericks","DAL","Forward","40",80
"Will","Barton","Nuggets","DEN","Guard","5",78
"Keita","Bates-Diop","Timberwolves","MIN","Forward","31",81
"Nicolas","Batum","Hornets","CHA","Forward-Guard","5",80
"Jerryd","Bayless","Timberwolves","MIN","Guard","8",75
"Aron","Baynes","Celtics","BOS","Center-Forward","46",82
"Kent","Bazemore","Hawks","ATL","Guard","24",77
"Bradley","Beal","Wizards","WAS","Guard","3",77
"Malik","Beasley","Nuggets","DEN","Guard","25",77
"Michael","Beasley","Lakers","LAL","Forward","11",81
"Marco","Belinelli","Spurs","SAS","Guard-Forward","18",77
"Jordan","Bell","Warriors","GSW","Forward","2",81
"DeAndre'","Bembry","Hawks","ATL","Forward","95",78
"Dragan","Bender","Suns","PHX","Forward","35",85
"Davis","Bertans","Spurs","SAS","Forward","42",82
"Patrick","Beverley","Clippers","LAC","Guard","21",73
"Khem","Birch","Magic","ORL","Center","24",81
"Jabari","Bird","Celtics","BOS","Guard","",78
"Bismack","Biyombo","Hornets","CHA","Center","8",81
"Nemanja","Bjelica","Kings","SAC","Forward","88",82
"Antonio","Blakeney","Bulls","CHI","Guard","9",76
"Eric","Bledsoe","Bucks","MIL","Guard","6",73
"Trevon","Bluiett","Pelicans","NOP","Guard-Forward","5",78
"Bogdan","Bogdanovic","Kings","SAC","Guard","8",78
"Bojan","Bogdanovic","Pacers","IND","Forward","44",80
"Jonah","Bolden","Sixers","PHI","Forward","43",82
"Isaac","Bonga","Lakers","LAL","Guard","17",80
"Devin","Booker","Suns","PHX","Guard","1",78
"Chris","Boucher","Raptors","TOR","Forward","25",82
"Avery","Bradley","Clippers","LAC","Guard","11",74
"Tony","Bradley","Jazz","UTA","Center","13",82
"Mikal","Bridges","Suns","PHX","Forward","25",79
"Miles","Bridges","Hornets","CHA","Forward","0",79
"Isaiah","Briscoe","Magic","ORL","Guard","13",75
"Ryan","Broekhoff","Mavericks","DAL","Guard-Forward","45",79
"Malcolm","Brogdon","Bucks","MIL","Guard","13",77
"Dillon","Brooks","Grizzlies","MEM","Guard-Forward","24",78
"MarShon","Brooks","Grizzlies","MEM","Guard","8",77
"Troy","Brown Jr.","Wizards","WAS","Forward","6",79
"Bruce","Brown","Pistons","DET","Guard","6",77
"Jaylen","Brown","Celtics","BOS","Guard","7",79
"Lorenzo","Brown","Raptors","TOR","Guard","4",77
"Sterling","Brown","Bucks","MIL","Guard","23",78
"Jalen","Brunson","Mavericks","DAL","Guard","13",75
"Thomas","Bryant","Wizards","WAS","Center","13",83
"Reggie","Bullock","Pistons","DET","Guard-Forward","25",79
"Trey","Burke","Knicks","NYK","Guard","23",73
"Alec","Burks","Jazz","UTA","Guard","10",78
"Deonte","Burton","Thunder","OKC","Guard","30",77
"Jimmy","Butler","Sixers","PHI","Guard-Forward","23",80
"Jose","Calderon","Pistons","DET","Guard","81",75
"Kentavious","Caldwell-Pope","Lakers","LAL","Guard","1",77
"Isaiah","Canaan","Suns","PHX","Guard","0",72
"Clint","Capela","Rockets","HOU","Center","15",82
"DeMarre","Carroll","Nets","BKN","Forward","9",80
"Wendell","Carter Jr.","Bulls","CHI","Forward","34",82
"Michael","Carter-Williams","Rockets","HOU","Guard","1",78
"Jevon","Carter","Grizzlies","MEM","Guard","3",74
"Vince","Carter","Hawks","ATL","Forward-Guard","15",78
"Alex","Caruso","Lakers","LAL","Guard","4",77
"Omri","Casspi","Grizzlies","MEM","Forward","18",81
"Willie","Cauley-Stein","Kings","SAC","Center","00",84
"Troy","Caupain","Magic","ORL","Guard","3",76
"Tyler","Cavanaugh","Jazz","UTA","Forward","34",81
"Tyson","Chandler","Lakers","LAL","Center","5",85
"Wilson","Chandler","Sixers","PHI","Forward","22",81
"Joe","Chealey","Hornets","CHA","Guard","31",75
"Marquese","Chriss","Rockets","HOU","Forward","0",82
"Gary","Clark","Rockets","HOU","Forward","6",80
"Ian","Clark","Pelicans","NOP","Guard","2",75
"Jordan","Clarkson","Cavaliers","CLE","Guard","8",77
"John","Collins","Hawks","ATL","Forward-Center","20",82
"Zach","Collins","Blazers","POR","Forward-Center","33",84
"Darren","Collison","Pacers","IND","Guard","2",72
"Mike","Conley","Grizzlies","MEM","Guard","11",73
"Pat","Connaughton","Bucks","MIL","Guard","24",76
"Quinn","Cook","Warriors","GSW","Guard","4",74
"DeMarcus","Cousins","Warriors","GSW","Center","0",83
"Robert","Covington","Timberwolves","MIN","Forward","33",81
"Allen","Crabbe","Nets","BKN","Guard-Forward","33",78
"Torrey","Craig","Nuggets","DEN","Forward","3",79
"Jamal","Crawford","Suns","PHX","Guard","11",77
"Jae","Crowder","Jazz","UTA","Forward","99",78
"Dante","Cunningham","Spurs","SAS","Forward","33",80
"Seth","Curry","Blazers","POR","Guard","31",74
"Stephen","Curry","Warriors","GSW","Guard","30",75
"Troy","Daniels","Suns","PHX","Guard","30",76
"Anthony","Davis","Pelicans","NOP","Forward-Center","23",82
"Ed","Davis","Nets","BKN","Center","17",82
"Tyler","Davis","Thunder","OKC","Center","34",82
"Dewayne","Dedmon","Hawks","ATL","Center","14",84
"Sam","Dekker","Cavaliers","CLE","Forward","15",81
"Angel","Delgado","Clippers","LAC","Center","31",82
"Matthew","Dellavedova","Bucks","MIL","Guard","8",76
"Luol","Deng","Timberwolves","MIN","Forward","9",81
"DeMar","DeRozan","Spurs","SAS","Guard","10",79
"Marcus","Derrickson","Warriors","GSW","Forward","32",79
"Cheick","Diallo","Pelicans","NOP","Forward","13",81
"Hamidou","Diallo","Thunder","OKC","Guard","6",77
"Gorgui","Dieng","Timberwolves","MIN","Center","5",83
"Spencer","Dinwiddie","Nets","BKN","Guard","8",78
"Donte","DiVincenzo","Bucks","MIL","Guard","9",76
"Luka","Doncic","Mavericks","DAL","Forward-Guard","77",79
"Tyler","Dorsey","Hawks","ATL","Guard","2",77
"Damyean","Dotson","Knicks","NYK","Guard","21",78
"PJ","Dozier","Celtics","BOS","Guard-Forward","50",78
"Goran","Dragic","Heat","MIA","Guard","7",75
"Andre","Drummond","Pistons","DET","Center","0",83
"Jared","Dudley","Nets","BKN","Forward","6",79
"Kris","Dunn","Bulls","CHI","Guard","32",76
"Kevin","Durant","Warriors","GSW","Forward","35",81
"Trevon","Duval","Bucks","MIL","Guard","0",74
"Vincent","Edwards","Rockets","HOU","Forward","12",80
"Henry","Ellenson","Pistons","DET","Forward","8",83
"Wayne","Ellington","Heat","MIA","Guard","2",77
"Joel","Embiid","Sixers","PHI","Forward-Center","21",84
"James","Ennis III","Rockets","HOU","Forward","8",79
"Drew","Eubanks","Spurs","SAS","Forward","14",82
"Jacob","Evans","Warriors","GSW","Guard","10",78
"Keenan","Evans","Pistons","DET","Guard","12",75
"Tyreke","Evans","Pacers","IND","Guard","12",78
"Dante","Exum","Jazz","UTA","Guard","11",78
"Kenneth","Faried","Nets","BKN","Forward-Center","35",80
"Derrick","Favors","Jazz","UTA","Forward-Center","15",82
"Cristiano","Felicio","Bulls","CHI","Forward-Center","6",82
"Raymond","Felton","Thunder","OKC","Guard","2",73
"Terrance","Ferguson","Thunder","OKC","Guard","23",79
"Yogi","Ferrell","Kings","SAC","Guard","3",72
"Dorian","Finney-Smith","Mavericks","DAL","Forward","10",80
"Bryn","Forbes","Spurs","SAS","Guard","11",75
"Evan","Fournier","Magic","ORL","Guard-Forward","10",79
"De'Aaron","Fox","Kings","SAC","Guard","5",75
"Melvin","Frazier Jr.","Magic","ORL","Guard-Forward","35",78
"Tim","Frazier","Pelicans","NOP","Guard","10",73
"Channing","Frye","Cavaliers","CLE","Forward-Center","9",84
"Markelle","Fultz","Sixers","PHI","Guard","20",76
"Wenyen","Gabriel","Kings","SAC","Forward","32",81
"Danilo","Gallinari","Clippers","LAC","Forward","8",82
"Langston","Galloway","Pistons","DET","Guard","9",74
"Marc","Gasol","Grizzlies","MEM","Center","33",85
"Pau","Gasol","Spurs","SAS","Center-Forward","16",84
"Rudy","Gay","Spurs","SAS","Forward","22",80
"Paul","George","Thunder","OKC","Forward","13",81
"Taj","Gibson","Timberwolves","MIN","Forward","67",81
"Harry","Giles III","Kings","SAC","Forward-Center","20",82
"Shai","Gilgeous-Alexander","Clippers","LAC","Guard","2",78
"Rudy","Gobert","Jazz","UTA","Center","27",85
"Aaron","Gordon","Magic","ORL","Forward","00",81
"Eric","Gordon","Rockets","HOU","Guard","10",76
"Marcin","Gortat","Clippers","LAC","Center","13",83
"Devonte'","Graham","Hornets","CHA","Guard","4",74
"Treveon","Graham","Nets","BKN","Forward","21",77
"Jerami","Grant","Thunder","OKC","Forward","9",81
"Jerian","Grant","Magic","ORL","Guard","22",76
"Danny","Green","Raptors","TOR","Guard-Forward","14",78
"Draymond","Green","Warriors","GSW","Forward","23",79
"Gerald","Green","Rockets","HOU","Guard-Forward","14",79
"JaMychal","Green","Grizzlies","MEM","Forward","0",81
"Jeff","Green","Wizards","WAS","Forward","32",81
"Blake","Griffin","Pistons","DET","Forward","23",82
"Daniel","Hamilton","Hawks","ATL","Guard-Forward","5",79
"Tim","Hardaway Jr.","Knicks","NYK","Guard","3",78
"James","Harden","Rockets","HOU","Guard","13",77
"Maurice","Harkless","Blazers","POR","Forward","4",81
"Montrezl","Harrell","Clippers","LAC","Forward-Center","5",80
"Devin","Harris","Mavericks","DAL","Guard","34",75
"Gary","Harris","Nuggets","DEN","Guard","14",76
"Joe","Harris","Nets","BKN","Forward-Guard","12",78
"Andrew","Harrison","Cavaliers","CLE","Guard","55",78
"Shaquille","Harrison","Bulls","CHI","Guard","3",76
"Tobias","Harris","Clippers","LAC","Forward","34",81
"Isaiah","Hartenstein","Rockets","HOU","Forward-Center","55",84
"Josh","Hart","Lakers","LAL","Guard","3",77
"Udonis","Haslem","Heat","MIA","Forward","40",80
"Gordon","Hayward","Celtics","BOS","Forward","20",80
"John","Henson","Bucks","MIL","Forward","31",83
"Juancho","Hernangomez","Nuggets","DEN","Forward","41",81
"Willy","Hernangomez","Hornets","CHA","Center","41",83
"Mario","Hezonja","Knicks","NYK","Forward","8",80
"Isaiah","Hicks","Knicks","NYK","Forward","4",81
"Buddy","Hield","Kings","SAC","Guard","24",76
"George","Hill","Cavaliers","CLE","Guard","3",75
"Solomon","Hill","Pelicans","NOP","Forward","44",79
"Aaron","Holiday","Pacers","IND","Guard","3",73
"Jrue","Holiday","Pelicans","NOP","Guard","11",76
"Justin","Holiday","Bulls","CHI","Forward-Guard","7",78
"Rondae","Hollis-Jefferson","Nets","BKN","Forward","24",79
"Richaun","Holmes","Suns","PHX","Forward-Center","21",82
"Rodney","Hood","Cavaliers","CLE","Guard","1",80
"Al","Horford","Celtics","BOS","Center-Forward","42",82
"Dwight","Howard","Wizards","WAS","Center","21",83
"Kevin","Huerter","Hawks","ATL","Guard","3",79
"Chandler","Hutchison","Bulls","CHI","Forward","15",79
"Serge","Ibaka","Raptors","TOR","Forward-Center","9",82
"Andre","Iguodala","Warriors","GSW","Guard-Forward","9",78
"Ersan","Ilyasova","Bucks","MIL","Forward","77",82
"Joe","Ingles","Jazz","UTA","Forward","2",80
"Brandon","Ingram","Lakers","LAL","Forward","14",81
"Kyrie","Irving","Celtics","BOS","Guard","11",75
"Jonathan","Isaac","Magic","ORL","Forward","1",82
"Wes","Iwundu","Magic","ORL","Forward","25",79
"Jaren","Jackson Jr.","Grizzlies","MEM","Forward-Center","13",83
"Demetrius","Jackson","Sixers","PHI","Guard","11",73
"Frank","Jackson","Pelicans","NOP","Guard","15",75
"Josh","Jackson","Suns","PHX","Forward","20",80
"Justin","Jackson","Kings","SAC","Forward","25",80
"Reggie","Jackson","Pistons","DET","Guard","1",75
"LeBron","James","Lakers","LAL","Forward","23",80
"Amile","Jefferson","Magic","ORL","Forward","11",81
"Jonas","Jerebko","Warriors","GSW","Forward","21",82
"Alize","Johnson","Pacers","IND","Forward","24",81
"Amir","Johnson","Sixers","PHI","Center-Forward","5",81
"James","Johnson","Heat","MIA","Forward","16",80
"Stanley","Johnson","Pistons","DET","Forward","7",79
"Tyler","Johnson","Heat","MIA","Guard","8",76
"Wesley","Johnson","Pelicans","NOP","Forward-Guard","33",79
"Nikola","Jokic","Nuggets","DEN","Center","15",84
"Derrick","Jones Jr.","Heat","MIA","Forward-Guard","5",79
"Damian","Jones","Warriors","GSW","Center","15",84
"Tyus","Jones","Timberwolves","MIN","Guard","1",74
"DeAndre","Jordan","Mavericks","DAL","Center","6",83
"Cory","Joseph","Pacers","IND","Guard","6",75
"Frank","Kaminsky","Hornets","CHA","Forward-Center","44",84
"Enes","Kanter","Knicks","NYK","Center","00",83
"Luke","Kennard","Pistons","DET","Guard","5",77
"Michael","Kidd-Gilchrist","Hornets","CHA","Forward","14",79
"George","King","Suns","PHX","Forward","8",78
"Maxi","Kleber","Mavericks","DAL","Forward","42",83
"Brandon","Knight","Rockets","HOU","Guard","2",75
"Kevin","Knox","Knicks","NYK","Forward","20",81
"Furkan","Korkmaz","Sixers","PHI","Guard-Forward","30",79
"Luke","Kornet","Knicks","NYK","Forward-Center","2",85
"Kyle","Korver","Cavaliers","CLE","Guard-Forward","26",79
"Kosta","Koufos","Kings","SAC","Center","41",84
"Rodions","Kurucs","Nets","BKN","Forward","00",81
"Kyle","Kuzma","Lakers","LAL","Forward","0",81
"Skal","Labissiere","Kings","SAC","Forward","7",83
"Jeremy","Lamb","Hornets","CHA","Guard","3",77
"Zach","LaVine","Bulls","CHI","Guard","8",77
"Jake","Layman","Blazers","POR","Forward","10",81
"TJ","Leaf","Pacers","IND","Forward","22",82
"Courtney","Lee","Knicks","NYK","Guard","5",77
"Damion","Lee","Warriors","GSW","Guard","1",78
"Alex","Len","Hawks","ATL","Center","25",85
"Kawhi","Leonard","Raptors","TOR","Forward","2",79
"Meyers","Leonard","Blazers","POR","Forward-Center","11",85
"Jon","Leuer","Pistons","DET","Forward","30",82
"Caris","LeVert","Nets","BKN","Guard","22",79
"Damian","Lillard","Blazers","POR","Guard","0",75
"Jeremy","Lin","Hawks","ATL","Guard","7",75
"Shaun","Livingston","Warriors","GSW","Guard","34",79
"Zach","Lofton","Pistons","DET","Guard","18",76
"Kevon","Looney","Warriors","GSW","Forward","5",81
"Brook","Lopez","Bucks","MIL","Center","11",84
"Robin","Lopez","Bulls","CHI","Center","42",84
"Kevin","Love","Cavaliers","CLE","Forward-Center","0",82
"Kyle","Lowry","Raptors","TOR","Guard","7",73
"Jordan","Loyd","Raptors","TOR","Guard","8",76
"Timothe","Luwawu-Cabarrot","Thunder","OKC","Guard-Forward","7",78
"Tyler","Lydon","Nuggets","DEN","Forward","20",82
"Trey","Lyles","Nuggets","DEN","Forward","7",82
"Shelvin","Mack","Grizzlies","MEM","Guard","6",75
"Daryl","Macon","Mavericks","DAL","Guard","3",75
"J.P.","Macura","Hornets","CHA","Guard","55",77
"Ian","Mahinmi","Wizards","WAS","Center","28",83
"Thon","Maker","Bucks","MIL","Forward","7",85
"Boban","Marjanovic","Clippers","LAC","Center","51",87
"Lauri","Markkanen","Bulls","CHI","Forward","24",84
"Jarell","Martin","Magic","ORL","Forward","2",82
"Frank","Mason","Kings","SAC","Guard","10",71
"Yante","Maten","Heat","MIA","Forward","00",80
"Wesley","Matthews","Mavericks","DAL","Guard-Forward","23",77
"Luc","Mbah a Moute","Clippers","LAC","Forward","12",80
"CJ","McCollum","Blazers","POR","Guard","3",75
"T.J.","McConnell","Sixers","PHI","Guard","12",74
"Doug","McDermott","Pacers","IND","Forward","20",80
"JaVale","McGee","Lakers","LAL","Center","7",84
"Rodney","McGruder","Heat","MIA","Forward-Guard","17",76
"Alfonzo","McKinnie","Warriors","GSW","Forward","28",80
"Ben","McLemore","Kings","SAC","Guard","23",77
"Jordan","McRae","Wizards","WAS","Guard","52",77
"Jodie","Meeks","Bucks","MIL","Guard","20",76
"Salah","Mejri","Mavericks","DAL","Center","50",86
"De'Anthony","Melton","Suns","PHX","Guard","14",76
"Chimezie","Metu","Spurs","SAS","Forward","7",82
"Khris","Middleton","Bucks","MIL","Forward","22",80
"CJ","Miles","Raptors","TOR","Forward-Guard","0",78
"Darius","Miller","Pelicans","NOP","Forward","21",80
"Paul","Millsap","Nuggets","DEN","Forward","4",80
"Patty","Mills","Spurs","SAS","Guard","8",72
"Shake","Milton","Sixers","PHI","Guard","18",78
"Nikola","Mirotic","Pelicans","NOP","Forward","3",82
"Donovan","Mitchell","Jazz","UTA","Guard","45",75
"Naz","Mitrou-Long","Jazz","UTA","Guard","30",76
"Malik","Monk","Hornets","CHA","Guard","1",75
"Greg","Monroe","Raptors","TOR","Center","15",83
"Ben","Moore","Spurs","SAS","Forward","26",80
"E'Twaun","Moore","Pelicans","NOP","Guard","55",76
"Jaylen","Morris","Bucks","MIL","Guard","30",77
"Marcus","Morris","Celtics","BOS","Forward","13",81
"Markieff","Morris","Wizards","WAS","Forward","5",82
"Monte","Morris","Nuggets","DEN","Guard","11",75
"Johnathan","Motley","Clippers","LAC","Forward","15",82
"Timofey","Mozgov","Magic","ORL","Center","21",85
"Emmanuel","Mudiay","Knicks","NYK","Guard","1",77
"Dejounte","Murray","Spurs","SAS","Guard","5",77
"Jamal","Murray","Nuggets","DEN","Guard","27",76
"Dzanan","Musa","Nets","BKN","Guard-Forward","30",81
"Mike","Muscala","Sixers","PHI","Forward-Center","31",83
"Svi","Mykhailiuk","Lakers","LAL","Guard","10",80
"Abdel","Nader","Thunder","OKC","Forward","11",78
"Larry","Nance Jr.","Cavaliers","CLE","Forward","22",81
"Shabazz","Napier","Nets","BKN","Guard","13",73
"Nene","","Rockets","HOU","Center-Forward","42",83
"Raul","Neto","Jazz","UTA","Guard","25",73
"Georges","Niang","Jazz","UTA","Forward","31",80
"Nerlens","Noel","Thunder","OKC","Forward-Center","3",83
"Dirk","Nowitzki","Mavericks","DAL","Forward","41",84
"Frank","Ntilikina","Knicks","NYK","Guard","11",78
"James","Nunnally","Timberwolves","MIN","Forward","7",79
"Jusuf","Nurkic","Blazers","POR","Center","27",84
"David","Nwaba","Cavaliers","CLE","Guard","12",76
"Royce","O'Neale","Jazz","UTA","Forward","23",78
"Kyle","O'Quinn","Pacers","IND","Center","10",82
"Semi","Ojeleye","Celtics","BOS","Forward","37",79
"Jahlil","Okafor","Pelicans","NOP","Center","8",83
"Elie","Okobo","Suns","PHX","Guard","2",75
"Josh","Okogie","Timberwolves","MIN","Guard","20",76
"Victor","Oladipo","Pacers","IND","Guard","4",76
"Kelly","Olynyk","Heat","MIA","Forward","9",84
"Cedi","Osman","Cavaliers","CLE","Forward","16",80
"Kelly","Oubre Jr.","Wizards","WAS","Forward","12",79
"Zaza","Pachulia","Pistons","DET","Center","27",83
"Jabari","Parker","Bulls","CHI","Forward","2",80
"Tony","Parker","Hornets","CHA","Guard","9",74
"Chandler","Parsons","Grizzlies","MEM","Forward","25",82
"Patrick","Patterson","Thunder","OKC","Forward","54",81
"Justin","Patton","Sixers","PHI","Center","0",84
"Chris","Paul","Rockets","HOU","Guard","3",72
"Cameron","Payne","Bulls","CHI","Guard","22",75
"Elfrid","Payton","Pelicans","NOP","Guard","4",76
"Theo","Pinson","Nets","BKN","Guard-Forward","10",78
"Mason","Plumlee","Nuggets","DEN","Forward-Center","24",83
"Miles","Plumlee","Hawks","ATL","Center","18",83
"Jakob","Poeltl","Spurs","SAS","Center","25",84
"Quincy","Pondexter","Spurs","SAS","Forward","3",79
"Michael","Porter Jr.","Nuggets","DEN","Forward","1",82
"Otto","Porter Jr.","Wizards","WAS","Forward","22",80
"Bobby","Portis","Bulls","CHI","Forward","5",83
"Kristaps","Porzingis","Knicks","NYK","Forward-Center","6",87
"Dwight","Powell","Mavericks","DAL","Forward-Center","7",83
"Norman","Powell","Raptors","TOR","Forward-Guard","24",76
"Alex","Poythress","Hawks","ATL","Forward","22",81
"Billy","Preston","Cavaliers","CLE","Forward","20",82
"Taurean","Prince","Hawks","ATL","Forward","12",80
"Zhou","Qi","Rockets","HOU","Forward-Center","9",85
"Ivan","Rabb","Grizzlies","MEM","Forward","10",82
"Chasson","Randle","Wizards","WAS","Guard","9",74
"Julius","Randle","Pelicans","NOP","Forward","30",81
"Zach","Randolph","Kings","SAC","Forward","50",81
"JJ","Redick","Sixers","PHI","Guard","17",76
"Davon","Reed","Pacers","IND","Guard","32",77
"Josh","Richardson","Heat","MIA","Guard-Forward","0",78
"Malachi","Richardson","Raptors","TOR","Guard","22",78
"Austin","Rivers","Wizards","WAS","Guard","1",76
"Andre","Roberson","Thunder","OKC","Guard-Forward","21",79
"Glenn","Robinson III","Pistons","DET","Guard-Forward","22",78
"Devin","Robinson","Wizards","WAS","Forward","7",80
"Duncan","Robinson","Heat","MIA","Forward","55",80
"Jerome","Robinson","Clippers","LAC","Guard","10",77
"Mitchell","Robinson","Knicks","NYK","Center","26",85
"Rajon","Rondo","Lakers","LAL","Guard","9",73
"Derrick","Rose","Timberwolves","MIN","Guard","25",75
"Terrence","Ross","Magic","ORL","Guard-Forward","31",79
"Terry","Rozier","Celtics","BOS","Guard","12",73
"Ricky","Rubio","Jazz","UTA","Guard","3",76
"D'Angelo","Russell","Nets","BKN","Guard","1",77
"Domantas","Sabonis","Pacers","IND","Forward","11",83
"Dario","Saric","Timberwolves","MIN","Forward","36",82
"Tomas","Satoransky","Wizards","WAS","Guard-Forward","31",79
"Dennis","Schroder","Thunder","OKC","Guard","17",73
"Mike","Scott","Clippers","LAC","Forward","30",80
"Thabo","Sefolosha","Jazz","UTA","Forward","22",79
"Wayne","Selden","Grizzlies","MEM","Guard-Forward","7",77
"Collin","Sexton","Cavaliers","CLE","Guard","2",74
"Landry","Shamet","Sixers","PHI","Guard","1",77
"Iman","Shumpert","Kings","SAC","Guard","9",77
"Pascal","Siakam","Raptors","TOR","Forward","43",81
"Ben","Simmons","Sixers","PHI","Guard-Forward","25",82
"Jonathon","Simmons","Magic","ORL","Forward","17",78
"Anfernee","Simons","Blazers","POR","Guard","24",76
"Marcus","Smart","Celtics","BOS","Guard","36",76
"Dennis","Smith Jr.","Mavericks","DAL","Guard","1",75
"Ish","Smith","Pistons","DET","Guard","14",72
"Jason","Smith","Wizards","WAS","Forward-Center","14",84
"Zhaire","Smith","Sixers","PHI","Guard","8",76
"Tony","Snell","Bucks","MIL","Guard","21",79
"Ray","Spalding","Mavericks","DAL","Forward","26",82
"Omari","Spellman","Hawks","ATL","Forward","6",81
"Nik","Stauskas","Blazers","POR","Guard","6",78
"DJ","Stephens","Grizzlies","MEM","Guard-Forward","20",77
"Lance","Stephenson","Lakers","LAL","Guard","6",78
"Edmond","Sumner","Pacers","IND","Guard","5",78
"Caleb","Swanigan","Blazers","POR","Forward","50",81
"Jayson","Tatum","Celtics","BOS","Forward","0",80
"Jeff","Teague","Timberwolves","MIN","Guard","0",74
"Garrett","Temple","Grizzlies","MEM","Guard-Forward","17",78
"Milos","Teodosic","Clippers","LAC","Guard","4",77
"Jared","Terrell","Timberwolves","MIN","Guard","3",75
"Daniel","Theis","Celtics","BOS","Forward","27",80
"Isaiah","Thomas","Nuggets","DEN","Guard","0",69
"Khyri","Thomas","Pistons","DET","Guard","13",75
"Lance","Thomas","Knicks","NYK","Forward","42",80
"Klay","Thompson","Warriors","GSW","Guard","11",79
"Tristan","Thompson","Cavaliers","CLE","Center-Forward","13",82
"Sindarius","Thornwell","Clippers","LAC","Guard","0",77
"Anthony","Tolliver","Timberwolves","MIN","Forward","43",80
"Karl-Anthony","Towns","Timberwolves","MIN","Center","32",84
"Gary","Trent Jr.","Blazers","POR","Guard","9",78
"Allonzo","Trier","Knicks","NYK","Guard","14",77
"PJ","Tucker","Rockets","HOU","Forward","17",78
"Evan","Turner","Blazers","POR","Guard-Forward","1",79
"Myles","Turner","Pacers","IND","Center-Forward","33",83
"Ekpe","Udoh","Jazz","UTA","Center-Forward","33",82
"Tyler","Ulis","Bulls","CHI","Guard","0",70
"Jonas","Valanciunas","Raptors","TOR","Center","17",84
"Denzel","Valentine","Bulls","CHI","Guard","45",78
"Jarred","Vanderbilt","Nuggets","DEN","Forward","8",81
"Fred","VanVleet","Raptors","TOR","Guard","23",72
"Noah","Vonleh","Knicks","NYK","Forward","32",81
"Nikola","Vucevic","Magic","ORL","Center","9",84
"Dwyane","Wade","Heat","MIA","Guard","3",76
"Moritz","Wagner","Lakers","LAL","Center","15",83
"Dion","Waiters","Heat","MIA","Guard","11",76
"Lonnie","Walker IV","Spurs","SAS","Guard","1",77
"Kemba","Walker","Hornets","CHA","Guard","15",73
"Tyrone","Wallace","Clippers","LAC","Guard","9",77
"John","Wall","Wizards","WAS","Guard","2",76
"Brad","Wanamaker","Celtics","BOS","Guard","9",76
"T.J.","Warren","Suns","PHX","Forward","12",80
"Yuta","Watanabe","Grizzlies","MEM","Guard","12",81
"Thomas","Welsh","Nuggets","DEN","Center","45",84
"Russell","Westbrook","Thunder","OKC","Guard","0",75
"Derrick","White","Spurs","SAS","Guard","4",76
"Okaro","White","Wizards","WAS","Forward","15",80
"Hassan","Whiteside","Heat","MIA","Center","21",84
"Andrew","Wiggins","Timberwolves","MIN","Forward-Guard","22",80
"Robert","Williams III","Celtics","BOS","Center-Forward","44",82
"Alan","Williams","Nets","BKN","Forward-Center","15",80
"C.J.","Williams","Timberwolves","MIN","Guard","12",77
"Johnathan","Williams","Lakers","LAL","Forward","19",81
"Kenrich","Williams","Pelicans","NOP","Guard-Forward","34",79
"Lou","Williams","Clippers","LAC","Guard","23",73
"Marvin","Williams","Hornets","CHA","Forward","2",81
"Troy","Williams","Kings","SAC","Forward","19",79
"D.J.","Wilson","Bucks","MIL","Forward","5",82
"Justise","Winslow","Heat","MIA","Forward","20",79
"Christian","Wood","Bucks","MIL","Forward","35",82
"Delon","Wright","Raptors","TOR","Guard","55",77
"Guerschon","Yabusele","Celtics","BOS","Forward","30",80
"Thaddeus","Young","Pacers","IND","Forward","21",80
"Trae","Young","Hawks","ATL","Guard","11",74
"Cody","Zeller","Hornets","CHA","Center","40",84
"Ante","Zizic","Cavaliers","CLE","Center","41",83
"Ivica","Zubac","Lakers","LAL","Center","40",85
